{
	"status":"0001",
	"msg":"ok",
	"datas":[
		{"name":"TigerChain","address":"中国陕西"},
		{"name":"TigerChain1","address":"中国陕西"},
		{"name":"TigerChain2","address":"中国陕西"},
		{"name":"TigerChain3","address":"中国陕西"},
		{"name":"TigerChain4","address":"中国陕西"},
		{"name":"TigerChain5","address":"中国陕西"},
		{"name":"TigerChain6","address":"中国陕西"},
		{"name":"TigerChain7","address":"中国陕西"},
		{"name":"TigerChain8","address":"中国陕西"},
		{"name":"TigerChain9","address":"中国陕西"}
	]
}
